title,release_date,runtime,genres,tmdb_rating,vote_count,budget,revenue,cast,crew,language,director,producer,description,people,locations,species,vehicles,labels
Castle in the Sky,1986-08-02,125,"['Adventure', 'Fantasy', 'Animation', 'Action', 'Family']",7.97,4657,3000000,5228752,"['Keiko Yokozawa', 'Mayumi Tanaka', 'Minori Terada', 'Kotoe Hatsui', 'Fujio Tokita']","['Hayao Miyazaki', 'Isao Takahata', 'Yasuyoshi Tokuma', 'Yoshihiro Kasahara', 'Joe Hisaishi']",ja,Hayao Miyazaki,Isao Takahata,"The orphan Sheeta inherited a mysterious crystal that links her to the mythical sky-kingdom of Laputa. With the help of resourceful Pazu and a rollicking band of sky pirates, she makes her way to the ruins of the once-great civilization. Sheeta and Pazu must outwit the evil Muska, who plans to use Laputa's science to make himself ruler of the world.","['Lusheeta Toel Ul Laputa', 'Pazu', 'Captain Dola', 'Colonel Muska', 'General Mouro', 'Uncle Pom', 'Laputian Robot']","['Laputa', 'Gondoa', ""Pazu's Mines"", 'Tedis']","['Human', 'Dragon']",['Air Destroyer Goliath'],"['battles', 'castles', 'friendship']"
Porco Rosso,1992-07-18,93,"['Animation', 'Adventure', 'Fantasy']",7.797,3695,9200000,44600000,"['Shūichirō Moriyama', 'Tokiko Kato', 'Bunshi Katsura VI', 'Tsunehiko Kamijô', 'Akemi Okamura']","['Hayao Miyazaki', 'Hayao Miyazaki', 'Atsushi Okui', 'Joe Hisaishi', 'Sokai Tokuma']",ja,Hayao Miyazaki,Toshio Suzuki,"Porco Rosso, known in Japan as Crimson Pig (Kurenai no Buta) is the sixth animated film by Hayao Miyazaki and released in 1992. You're introduced to an Italian World War I fighter ace, now living as a freelance bounty hunter chasing 'air pirates' in the Adriatic Sea. He has been given a curse that changed his head to that of a pig. Once called Marco Pagot, he is now known to the world as 'Porco Rosso', Italian for 'Red Pig.'",[],['Piccolo S.P.A.'],['Human'],['Red Wing'],"['planes', 'romantic']"
Ponyo,2008-07-19,100,"['Animation', 'Fantasy', 'Family']",7.753,4780,34000000,202404009,"['Yuria Kozuki', 'Hiroki Doi', 'George Tokoro', 'Tomoko Yamaguchi', 'Yuki Amami']","['Mika Yamaguchi', 'Eriko Kimura', 'Shuji Inoue', 'Noboru Yoshida', 'Takeshi Seyama']",ja,Hayao Miyazaki,Toshio Suzuki,"The son of a sailor, 5-year old Sosuke lives a quiet life on an oceanside cliff with his mother Lisa. One fateful day, he finds a beautiful goldfish trapped in a bottle on the beach and upon rescuing her, names her Ponyo. But she is no ordinary goldfish. The daughter of a masterful wizard and a sea goddess, Ponyo uses her father's magic to transform herself into a young girl and quickly falls in love with Sosuke, but the use of such powerful sorcery causes a dangerous imbalance in the world. As the moon steadily draws nearer to the earth and Ponyo's father sends the ocean's mighty waves to find his daughter, the two children embark on an adventure of a lifetime to save the world and fulfill Ponyo's dreams of becoming human.",[],"['Himawari Nursery School', ""Fujimoto's Underwater Harbor""]",['Human'],"[""Sosuke's Boat""]","['family', 'friendship', 'ocean']"
Princess Mononoke,1997-07-12,134,"['Adventure', 'Fantasy', 'Animation']",8.323,8919,23500000,176506186,"['Yoji Matsuda', 'Yuriko Ishida', 'Yuko Tanaka', 'Kaoru Kobayashi', 'Masahiko Nishimura']","['Takeshi Seyama', 'Hayao Miyazaki', 'Yutaka Narita', 'Satoshi Kuroda', 'Kazuo Oga']",ja,Hayao Miyazaki,Toshio Suzuki,"Ashitaka, a prince of the disappearing Ainu tribe, is cursed by a demonized boar god and must journey to the west to find a cure. Along the way, he encounters San, a young human woman fighting to protect the forest, and Lady Eboshi, who is trying to destroy it. Ashitaka must find a way to bring balance to this conflict.","['Ashitaka', 'San', 'Yakul', 'Shishigami', 'Moro', 'Eboshi', 'Jigo', 'Kohroku', 'Gonza', 'Hii-sama']","['Irontown', 'Forest', 'Gutiokipanja']","['Deer', 'God', 'Human', 'Spirit']",[],"['battles', 'forests', 'romantic', 'strong_lead']"
Spirited Away,2001-07-20,125,"['Animation', 'Family', 'Fantasy']",8.533,18215,19000000,274925095,"['Rumi Hiiragi', 'Miyu Irino', 'Mari Natsuki', 'Takashi Naito', 'Yasuko Sawaguchi']","['Hayao Miyazaki', 'Toshio Suzuki', 'Yasuyoshi Tokuma', 'Joe Hisaishi', 'Atsushi Okui']",ja,Hayao Miyazaki,Toshio Suzuki,Spirited Away is an Oscar winning Japanese animated film about a ten year old girl who wanders away from her parents along a path that leads to a world ruled by strange and unusual monster-like animals. Her parents have been changed into pigs along with others inside a bathhouse full of these creatures. Will she ever see the world how it once was?,['Chihiro Ogino'],"[""Zeniba's Cottage"", 'Bathhouse']","['Human', 'Dragon']",[],"['coming_of_age', 'dragons', 'family', 'friendship', 'witch']"
The Wind Rises,2013-07-20,126,"['Animation', 'Drama', 'History', 'Romance']",7.792,3343,30000000,117932401,"['Hideaki Anno', 'Hidetoshi Nishijima', 'Miori Takimoto', 'Masahiko Nishimura', 'Stephen Alpert']","['Atsuko Tanaka', 'Eiji Yamamori', 'Taichi Furumata', 'Atsushi Tamura', 'Yoshimi Itazu']",ja,Hayao Miyazaki,Toshio Suzuki,"A lifelong love of flight inspires Japanese aviation engineer Jiro Horikoshi, whose storied career includes the creation of the A-6M World War II fighter plane.",[],[],['Human'],[],"['family', 'friendship', 'planes', 'romantic']"
The Tale of the Princess Kaguya,2013-11-23,137,"['Animation', 'Drama', 'Fantasy']",8.093,1969,49300000,24366656,"['Aki Asakura', 'Takeo Chii', 'Nobuko Miyamoto', 'Kengo Kora', 'Atsuko Takahata']","['Yukari Hashimoto', 'Seiji Okuda', 'Ryoichi Fukuyama', 'Yukiko Kakita', 'Naoya Fujimaki']",ja,Isao Takahata,Yoshiaki Nishimura,"A bamboo cutter named Sanuki no Miyatsuko discovers a miniature girl inside a glowing bamboo shoot. Believing her to be a divine presence, he and his wife decide to raise her as their own, calling her 'Princess'.",[],['Bamboo Forest'],['Human'],[],"['family', 'forests', 'friendship', 'need_a_good_cry']"
Only Yesterday,1991-07-20,119,"['Animation', 'Drama', 'Romance']",7.391,1239,0,473110,"['Miki Imai', 'Yoko Honna', 'Toshiro Yanagiba', 'Yorie Yamashita', 'Yuki Minowa']","['Isao Takahata', 'Hayao Miyazaki', 'Katsu Hoshi', 'Takeshi Seyama', 'Hotaru Okamoto']",ja,Isao Takahata,Toshio Suzuki,"It’s 1982, and Taeko is 27 years old, unmarried, and has lived her whole life in Tokyo. She decides to visit her family in the countryside, and as the train travels through the night, memories flood back of her younger years: the first immature stirrings of romance, the onset of puberty, and the frustrations of math and boys. At the station she is met by young farmer Toshio, and the encounters with him begin to reconnect her to forgotten longings. In lyrical switches between the present and the past, Taeko contemplates the arc of her life, and wonders if she has been true to the dreams of her childhood self.",[],"[""Taeko's House""]",['Human'],[],"['friendship', 'slice_of_life']"
Pom Poko,1994-07-16,119,"['Adventure', 'Animation', 'Fantasy']",7.173,1192,0,0,"['Makoto Nonomura', 'Nijiko Kiyokawa', 'Shigeru Izumiya', 'Norihei Miki', 'Yuriko Ishida']","['Isao Takahata', 'Toshio Suzuki', 'Takeshi Seyama', 'Kazuo Oga', 'Hayao Miyazaki']",ja,Isao Takahata,Toshio Suzuki,"As the human city development encroaches on the raccoon population's forest and meadow habitat, the raccoons find themselves faced with the very real possibility of extinction. In response, the raccoons engage in a desperate struggle to stop the construction and preserve their home.",[],[],['Human'],[],"['family', 'raccoons']"
The Cat Returns,2002-07-19,75,"['Adventure', 'Fantasy', 'Animation', 'Drama', 'Family']",7.126,2435,0,54016370,"['Chizuru Ikewaki', 'Yoshihiko Hakamada', 'Aki Maeda', 'Tetsu Watanabe', 'Yousuke Saito']","['Yuji Nomi', 'Toshio Suzuki', 'Nozomu Takahashi', 'Seiichiro Ujiie', 'Reiko Yoshida']",ja,Hiroyuki Morita,Toshio Suzuki,"Haru, a schoolgirl bored by her ordinary routine, saves the life of an unusual cat and suddenly her world is transformed beyond anything she ever imagined. The Cat King rewards her good deed with a flurry of presents, including a very shocking proposal of marriage to his son! Haru embarks on an unexpected journey to the Kingdom of Cats where her eyes are opened to a whole other world.",[],['The Cat Kingdom'],"['Cat', 'Human']",[],"['cats', 'coming_of_age']"
My Neighbors the Yamadas,1999-07-17,104,"['Animation', 'Comedy', 'Family']",7.0,605,15270000,11910000,"['Hayato Isohata', 'Masako Araki', 'Naomi Uno', 'Toru Masuoka', 'Yukiji Asaoka']","['Isao Takahata', 'Takashi Shoji', 'Yasuyoshi Tokuma', 'Seiichiro Ujiie', 'Akiko Yano']",ja,Isao Takahata,Toshio Suzuki,"The Yamadas are a typical middle class Japanese family in urban Tokyo and this film shows us a variety of episodes of their lives. With tales that range from the humourous to the heartbreaking, we see this family cope with life's little conflicts, problems and joys in their own way.",[],['Bamboo Forest'],['Human'],[],"['family', 'slice_of_life']"
Kiki's Delivery Service,1989-07-29,103,"['Animation', 'Family', 'Fantasy']",7.833,4535,6900000,4493017,"['Minami Takayama', 'Rei Sakuma', 'Kappei Yamaguchi', 'Keiko Toda', 'Mieko Nobusawa']","['Eiko Kadono', 'Hayao Miyazaki', 'Mikihiko Tsuzuki', 'Hayao Miyazaki', 'Yasuyoshi Tokuma']",ja,Hayao Miyazaki,Hayao Miyazaki,"A young witch, on her mandatory year of independent life, finds fitting into a new community difficult while she supports herself by running an air courier service.","['Kiki', 'Jiji', 'Osono', 'Ursula', 'Tombo', 'Madame']","[""Ursula's Log Cabin"", 'Karikiya', 'Koriko']","['Cat', 'Human']",[],"['coming_of_age', 'family', 'friendship', 'witch']"
When Marnie Was There,2014-07-19,103,"['Animation', 'Drama', 'Family']",7.936,1951,0,34949567,"['Sara Takatsuki', 'Kasumi Arimura', 'Nanako Matsushima', 'Susumu Terajima', 'Toshie Negishi']","['Tamaki Kojo', 'Masashi Ando', 'Hiromasa Yonebayashi', 'Joan G. Robinson', 'Keiko Niwa']",ja,Hiromasa Yonebayashi,Yoshiaki Nishimura,"The film follows Anna Sasaki living with her relatives in the seaside town. Anna comes across a nearby abandoned mansion, where she meets Marnie, a mysterious girl who asks her to promise to keep their secrets from everyone. As the summer progresses, Anna spends more time with Marnie, and eventually Anna learns the truth about her family and foster care.",[],['The Marsh House'],['Human'],[],"['friendship', 'slice_of_life']"
The Red Turtle,2016-03-27,81,"['Animation', 'Drama', 'Fantasy', 'Family']",7.442,1362,0,921974,"['Tom Hudson', 'Baptiste Goy', 'Axel Devillers', 'Barbara Beretta']","['Michael Dudok de Wit', 'Laurent Perez del Mar', 'Bertrand Schutz', 'Céline Kélépikis', 'Tanguy Olivier']",fr,Michaël Dudok de Wit,"Toshio Suzuki, Isao Takahata, Vincent Maraval, Pascal Caucheteux, Grégoire Sorlat","A man set adrift by a storm wakes up on a beach. He discovers that he is on a deserted island with plenty of fresh water, fruit and a dense bamboo forest. He builds a raft from bamboo and attempts to sail away, but his raft is destroyed by an unseen monster in the sea, forcing him back to the island. He tries again with another, larger raft, but is again foiled by the creature. A third attempt again ends with the raft destroyed, but this time he is confronted by a giant red turtle, which stares at him, and forces him back to the island.",[],[],[],[],"['forests', 'ocean']"
Whisper of the Heart,1995-07-15,111,"['Animation', 'Drama', 'Family']",7.949,2263,0,0,"['Yoko Honna', 'Issey Takahashi', 'Takashi Tachibana', 'Shigeru Muroi', 'Minami Takayama']","['Yoshifumi Kondo', 'Yuji Nomi', 'Takeshi Seyama', 'Hayao Miyazaki', 'Toshio Suzuki']",ja,Yoshifumi Kondō,Toshio Suzuki,"Shizuku lives a simple life, dominated by her love for stories and writing. One day she notices that all the library books she has have been previously checked out by the same person: 'Seiji Amasawa'. Curious as to who he is, Shizuku meets a boy her age whom she finds infuriating, but discovers to her shock that he is her 'Prince of Books'. As she grows closer to him, she realises that he merely read all those books to bring himself closer to her. The boy Seiji aspires to be a violin maker in Italy, and it is his dreams that make Shizuku realise that she has no clear path for her life. Knowing that her strength lies in writing, she tests her talents by writing a story about Baron, a cat statuette belonging to Seiji's grandfather.",[],"[""Shizuku's Apartment""]","['Cat', 'Human']",[],"['music', 'romantic', 'slice_of_life']"
Tales From Earthsea,2006-07-29,115,"['Animation', 'Fantasy', 'Adventure']",6.532,1479,22000000,68625104,"['Junichi Okada', 'Aoi Teshima', 'Bunta Sugawara', 'Yuko Tanaka', 'Teruyuki Kagawa']","['Hiromi Sasaki', 'Rie Matsubara', 'Tsutomu Kawahigashi', 'Keiko Kadokawa', 'Hajime Takagi']",ja,Gorō Miyazaki,Toshio Suzuki,"Something bizarre has come over the land. The kingdom is deteriorating. People are beginning to act strange... What's even more strange is that people are beginning to see dragons, which shouldn't enter the world of humans. Due to all these bizarre events, Ged, a wandering wizard, is investigating the cause. During his journey, he meets Prince Arren, a young distraught teenage boy. While Arren may look like a shy young teen, he has a severe dark side, which grants him strength, hatred, ruthlessness and has no mercy, especially when it comes to protecting Teru. For the witch Kumo this is a perfect opportunity. She can use the boy's 'fears' against the very one who would help him, Ged.",[],[],['Human'],[],"['battles', 'friendship']"
Howl's Moving Castle,2004-09-09,119,"['Fantasy', 'Animation', 'Adventure']",8.386,10995,24000000,236049757,"['Chieko Baisho', 'Takuya Kimura', 'Akihiro Miwa', 'Tatsuya Gashûin', 'Ryunosuke Kamiki']","['Hayao Miyazaki', 'Atsushi Okui', 'Hayao Miyazaki', 'Diana Wynne Jones', 'Joe Hisaishi']",ja,Hayao Miyazaki,Toshio Suzuki,"When Sophie, a shy young woman, is cursed with an old body by a spiteful witch, her only chance of breaking the spell lies with a self-indulgent yet insecure young wizard and his companions in his legged, walking home.",[],['Ingary'],['Human'],[],"['castles', 'friendship', 'romantic', 'strong_lead', 'witch']"
Arrietty,2010-07-16,94,"['Fantasy', 'Animation', 'Family']",7.667,3137,23000000,149660003,"['Mirai Shida', 'Ryunosuke Kamiki', 'Tomokazu Miura', 'Keiko Takeshita', 'Kirin Kiki']","['Hiromasa Yonebayashi', 'Toshio Suzuki', 'Rie Matsubara', 'Masahiko Kubo', 'Hayao Miyazaki']",ja,Hiromasa Yonebayashi,Toshio Suzuki,"14-year-old Arrietty and the rest of the Clock family live in peaceful anonymity as they make their own home from items 'borrowed' from the house's human inhabitants. However, life changes for the Clocks when a human boy discovers Arrietty.",[],[],"['Cat', 'Human']",[],"['forests', 'romantic', 'slice_of_life']"
Earwig and the Witch,2021-02-03,83,"['Animation', 'Fantasy', 'Family']",5.887,292,0,842744,"['Kokoro Hirasawa', 'Shinobu Terajima', 'Gaku Hamada', 'Sherina Munaf', 'Etsushi Toyokawa']","['Keisuke Tsuchihashi', 'Koji Hoshino', 'Isao Yoshikuni', 'Yusuke Hirota', 'Keiko Niwa']",ja,Gorō Miyazaki,Toshio Suzuki,"An orphan girl, Earwig, is adopted by a witch and comes home to a spooky house filled with mystery and magic.",[],"[""St. Morwald's Home for Children""]","['Cat', 'Human']",[],"['friendship', 'witch']"
Grave of the Fireflies,2005-11-01,148,['Drama'],7.921,114,0,0,"['Hoshi Ishida', 'Mao Sasaki', 'Ikki Sawamura', 'Yui Natsukawa', 'Nanako Matsushima']","['Tōya Satō', 'Yumiko Inoue', 'Akiyuki Nosaka', 'Hiroshi Koike']",ja,Isao Takahata,Toru Hara,"In the latter part of World War II, a boy and his sister, orphaned when their mother is killed in the firebombing of Tokyo, are left to survive on their own in what remains of civilian life in Japan. The plot follows this boy and his sister as they do their best to survive in the Japanese countryside, battling hunger, prejudice, and pride in their own quiet, personal battle.",[],[],['Human'],[],"['family', 'need_a_good_cry']"
From Up on Poppy Hill,2011-07-16,91,"['Animation', 'Drama']",7.525,1929,22000000,61037844,"['Masami Nagasawa', 'Junichi Okada', 'Keiko Takeshita', 'Yuriko Ishida', 'Rumi Hiiragi']","['Hiromi Sasaki', 'Rie Matsubara', 'Keiko Kadokawa', 'Koji Kasamatsu', 'Koji Kasamatsu']",ja,Gorō Miyazaki,Toshio Suzuki,"The story is set in 1963 in Yokohama. Kokuriko Manor sits on a hill overlooking the harbour. A 16 year-old girl, Umi, lives in that house. Every morning she raises a signal flag facing the sea. The flag means “I pray for safe voyages”. A 17 year-old boy, Shun, always sees this flag from the sea as he rides a tugboat to school. Gradually the pair are drawn to each other but they are faced with a sudden trial. Even so, they keep going without running from facing the hardships of reality.",[],[],['Human'],[],"['coming_of_age', 'ocean', 'romantic']"
My Neighbor Totoro,1988-04-16,86,"['Fantasy', 'Animation', 'Family']",8.061,8756,3700000,41000000,"['Noriko Hidaka', 'Chika Sakamoto', 'Hitoshi Takagi', 'Shigesato Itoi', 'Sumi Shimamoto']","['Hayao Miyazaki', 'Tooru Hara', 'Yasuyoshi Tokuma', 'Joe Hisaishi', 'Takeshi Seyama']",ja,Hayao Miyazaki,Hayao Miyazaki,"Two sisters move to the country with their father in order to be closer to their hospitalized mother, and discover the surrounding trees are inhabited by Totoros, magical spirits of the forest. When the youngest runs away from home, the older sister seeks help from the spirits to find her.","['Satsuki Kusakabe', 'Mei Kusakabe', 'Tatsuo Kusakabe', 'Yasuko Kusakabe', 'Chibi Totoro', '591524bc-04fe-4e60-8d61-2425e42ffb2a', 'c491755a-407d-4d6e-b58a-240ec78b5061', 'Catbus', 'Granny', 'Kanta Ōgaki']","['Hospital', ""Satsuki's School House"", 'Matsugo']","['Cat', 'Human', 'Totoro']",[],"['cats', 'family', 'forests', 'friendship', 'slice_of_life']"
